{
    "total_rows": 4330879,
    "total_unique_videos": 392985,
    "avg_views": 11369702.836376403,
    "avg_likes": 351626.549037274,
    "avg_comment_count": 6839.579000937223
}